{
  "timestamp": "2025-08-07T14:53:23.067295",
  "system_info": {
    "cpu_count": 16,
    "cpu_freq": {
      "current": 4056,
      "min": 1020,
      "max": 4056
    },
    "memory_total_gb": 64.0,
    "platform": {
      "processor": 16,
      "logical_cores": 16
    }
  },
  "tests": {
    "mandelbrot": {
      "name": "Mandelbrot Set",
      "time_seconds": 4.627534541999921,
      "dimensions": "2000x2000",
      "iterations": 256,
      "pixels_per_second": 864391.1706537551,
      "output_file": "mandelbrot_cpu.png"
    },
    "matrix_ops": {
      "name": "Matrix Operations",
      "avg_time_seconds": 0.03448019169736653,
      "std_time_seconds": 0.0067367286644235734,
      "matrix_size": "2000x2000",
      "iterations": 10,
      "operations_per_second": 29.002158943228157,
      "flops_estimate": 464034543091.6505
    },
    "ray_tracing": {
      "name": "Ray Tracing",
      "time_seconds": 18.64617916708812,
      "resolution": "800x600",
      "samples_per_pixel": 50,
      "pixels_per_second": 25742.539299806544,
      "rays_per_second": 1287126.9649903271,
      "output_file": "raytraced_cpu.png"
    },
    "prime_sieve": {
      "name": "Prime Sieve",
      "time_seconds": 0.015276874881237745,
      "limit": 10000000,
      "primes_found": 664579,
      "numbers_per_second": 654584139.6057694
    }
  },
  "overall_score": {
    "total": 686.4391170653755,
    "average": 171.60977926634388,
    "individual_scores": [
      86.4391170653755,
      200,
      200,
      200
    ]
  }
}